department_clean,employees,avg_salary,avg_satisfaction,avg_num_skills
Engineering,1615,714947.9404086687,0.5194043343653251,5.453869969040247
Finance,1646,694147.4083839612,0.49611482381530986,5.55771567436209
Hr,1713,695037.6198949213,0.5049573847051956,5.471103327495622
Product,1653,700720.5391651542,0.502535390199637,5.514216575922565
Sales,1692,705142.8092198581,0.4929007092198581,5.57919621749409
Support,1681,703943.4465913147,0.49675431290898275,5.490779298036883
